id,firstName,lastName,adp,projectedPoints,positionRank,slotName,teamName,lineupStatus,byeWeek
8f349258-5d51-46b1-9755-0e7228b3b0c1,Jonathan,Taylor,1.5,21.1,RB1,RB,Indianapolis Colts,,
8b866ec0-b39b-4562-946e-553635e4cba7,De'Von,Achane,2,20.1,RB2,RB,Miami Dolphins,,
d8433242-91e7-451b-b303-7fdca3fb688a,James,Cook,2.5,17.2,RB3,RB,Buffalo Bills,,
3f5a3b12-cff3-4743-b94a-651a4f434aa5,Jaxon,Smith-Njigba,4.3,18.9,WR1,WR,Seattle Seahawks,,
28e2c507-a9a2-4a3a-af9c-f3313bd92662,Ja'Marr,Chase,5.3,14.8,WR2,WR,Cincinnati Bengals,,
06fd645e-07ee-4532-a306-b37f2ea6db44,Puka,Nacua,6.9,16.5,WR3,WR,Los Angeles Rams,,
30e28258-0611-442c-b1ed-831c3f14e9b8,Bijan,Robinson,7,17.6,RB4,RB,Atlanta Falcons,,
5c91876b-dd77-471e-aafc-c78c0d76d29d,Josh,Jacobs,8.1,18.3,RB5,RB,Green Bay Packers,,
b7426ee0-693a-4328-9b5b-4cccbef96e38,Josh,Allen,9.1,25.6,QB1,QB,Buffalo Bills,,
1c8ae991-d62a-421d-9233-8b5be97fe584,Trey,McBride,10,13.9,TE1,TE,Arizona Cardinals,,
4b58138d-85d8-46df-809b-cffaf07b8545,Derrick,Henry,11.5,15.9,RB6,RB,Baltimore Ravens,,
8f3e95d9-ebdb-4d9c-b59c-f9e8ae0731d5,Davante,Adams,11.8,13.3,WR4,WR,Los Angeles Rams,,
4538fb7c-8014-4caf-a826-1737f74abd21,Bucky,Irving,12.7,13.9,RB7,RB,Tampa Bay Buccaneers,,
654dded8-df15-46a8-ac60-55178aab3095,Breece,Hall,14.6,13.3,RB8,RB,New York Jets,,
d8922577-f1d4-4c77-8ead-83328e5c5083,Quinshon,Judkins,14.7,14,RB9,RB,Cleveland Browns,,
92ebf2d1-6888-4ef5-a467-ec0c29202207,Chase,Brown,15.5,13.9,RB10,RB,Cincinnati Bengals,,
14dadb31-7fe5-4e0d-aa62-5f7bc87fe151,Brock,Bowers,17.3,12.4,TE2,TE,Las Vegas Raiders,,
04dbd707-9a97-4fb2-900e-8414783844a1,RJ,Harvey,18.5,11.6,RB11,RB,Denver Broncos,,
1606f714-64dd-40ca-a0d7-9842f377f499,Kyren,Williams,19.1,13.6,RB12,RB,Los Angeles Rams,,
0ddfc0e3-40ad-4a46-92c9-8e5566815e82,Jaylen,Waddle,22,11.8,WR5,WR,Miami Dolphins,,
05f7d822-4b4c-45e5-aa52-e12c113708e0,Emeka,Egbuka,22.9,9.9,WR6,WR,Tampa Bay Buccaneers,,
c08ff017-f495-4e8f-9956-ecf8757c1794,Chris,Olave,23.7,12.8,WR7,WR,New Orleans Saints,QUESTIONABLE,
4e08145a-6cf0-43f2-83dc-3815dc3c5615,Tyler,Warren,25,9.6,TE3,TE,Indianapolis Colts,,
174d36f0-1481-45e4-a3ed-c77637a97870,Kenneth,Walker III,25.2,10.8,RB13,RB,Seattle Seahawks,,
c25b832b-2ad1-4769-b2a0-875f5c107cce,Joe,Burrow,26.7,17.3,QB2,QB,Cincinnati Bengals,,
e4ad9227-db2f-4b56-a682-4cd3743eb091,Justin,Jefferson,27,11.4,WR9,WR,Minnesota Vikings,,
0992def1-39e7-4230-8051-324fd5026a0a,Terry,McLaurin,27,10.7,WR8,WR,Washington Commanders,,
1770049f-2af2-4879-8c84-b0e574468e3c,Lamar,Jackson,27.7,21.3,QB3,QB,Baltimore Ravens,,
3037bec2-6971-4999-bf13-01cd761bae2e,Tee,Higgins,28.7,11.7,WR10,WR,Cincinnati Bengals,QUESTIONABLE,
ed76c750-1dfe-42b3-877d-3c7164f27b46,Ashton,Jeanty,29.5,13.3,RB14,RB,Las Vegas Raiders,,
942e7a21-5223-4532-ba89-f799471fe269,Jakobi,Meyers,31.8,10.9,WR11,WR,Jacksonville Jaguars,,
60696a6a-796a-459b-96f0-093ec8dbeb86,Michael,Wilson,32.5,8.4,WR12,WR,Arizona Cardinals,,
1a795533-ad82-4a2e-88f9-256233fdb200,Zay,Flowers,33.6,11.7,WR13,WR,Baltimore Ravens,,
dd82bbca-d19c-4b7c-b5d7-12502b7d99bd,Christian,Watson,34.9,9.5,WR14,WR,Green Bay Packers,,
64084d32-e6ab-4d01-9d05-4b08b8683a8b,Matthew,Stafford,35,18.5,QB4,QB,Los Angeles Rams,,
00b53e72-7335-4381-8c39-7e4c46779c68,Travis,Etienne Jr.,35.1,10.7,RB15,RB,Jacksonville Jaguars,,
2c9e770d-bee0-491a-8cda-d80f23b4f36d,D'Andre,Swift,37.8,9.9,RB16,RB,Chicago Bears,,
92cab68e-87bc-4241-95ce-14910db72a70,Courtland,Sutton,39,10.2,WR15,WR,Denver Broncos,,
b24d4759-e2b4-45d0-a78c-85f706b135d2,Drake,London,40.8,14.7,WR16,WR,Atlanta Falcons,QUESTIONABLE,
f546fda4-3680-4329-9e09-2c4c3fc0089d,Jaylen,Warren,41.2,11.2,RB17,RB,Pittsburgh Steelers,,
746ff220-fc49-421a-a522-32791f1ebf69,Baker,Mayfield,41.8,19.8,QB5,QB,Tampa Bay Buccaneers,,
ee31b3fc-9602-430e-b3d2-557c12969f72,Adonai,Mitchell,41.8,8.2,WR17,WR,New York Jets,,
ae42f3a5-029d-43c0-b1a5-369cf3019912,Brian,Thomas,42.5,10.5,WR18,WR,Jacksonville Jaguars,,
64cf283c-b22b-45db-ae78-7debe26d5818,Brenton,Strange,44.2,8.5,TE4,TE,Jacksonville Jaguars,,
144b0f72-50bb-4803-bdfc-4bda43cfdee4,Bo,Nix,46,18.8,QB6,QB,Denver Broncos,,
6cb472ae-08f9-41bd-aedf-ee879e5eb467,Alec,Pierce,48.4,10,WR19,WR,Indianapolis Colts,,
6946207a-85a1-40b2-bf70-f2e52c94706b,Deebo,Samuel,49.6,10.6,WR20,WR,Washington Commanders,,
96030738-7e59-49e6-a91d-5b4a9644e1c4,Khalil,Shakir,49.7,10.8,WR21,WR,Buffalo Bills,,
7e8b0e69-7075-45d6-984b-aff46c87a445,Michael,Pittman Jr.,50.7,9.7,WR22,WR,Indianapolis Colts,,
0a38e0b3-df10-40d2-804d-44fe8bb97d1e,Juwan,Johnson,52.5,8.7,TE5,TE,New Orleans Saints,,
22e0b6d1-c511-409b-89e5-72cfc435d389,Jacoby,Brissett,55.6,17.1,QB7,QB,Arizona Cardinals,,
94e29132-4b46-4582-9625-40fbcf6931c6,Trevor,Lawrence,55.6,18.1,QB8,QB,Jacksonville Jaguars,,
22b30c54-6f91-47f2-ab3f-1cdb4a9055ae,Dalton,Kincaid,55.7,8.2,TE6,TE,Buffalo Bills,QUESTIONABLE,
ed7a3b2f-0c85-4dc7-864e-92bce9f187c1,Chris,Godwin,56.2,8.4,WR23,WR,Tampa Bay Buccaneers,,
634695dc-1cc6-4ad3-b3f3-8a9548f17206,Rome,Odunze,56.8,8.9,WR24,WR,Chicago Bears,QUESTIONABLE,
41674cfb-66b5-45ab-be35-1f8e21885123,Kyle,Pitts,57.4,8.6,TE7,TE,Atlanta Falcons,,
245dbf67-a9df-4ed6-b803-4e13a6af25b1,Jordan,Mason,59,8.2,RB18,RB,Minnesota Vikings,,
b88e4339-7e88-4306-9b72-2077aa59292c,Aaron,Jones,60,7.1,RB19,RB,Minnesota Vikings,QUESTIONABLE,
879708fa-7a39-45e8-b556-d59d74ccbc1b,Harold,Fannin,60.7,9.3,TE8,TE,Cleveland Browns,,
82a76f56-e553-4266-92a7-597322cbc2b8,Jordan,Love,61.2,18.2,QB9,QB,Green Bay Packers,,
a1da8568-8c8f-4940-b566-b3c424196629,Kyle,Monangai,61.7,8.9,RB20,RB,Chicago Bears,QUESTIONABLE,
1632aa69-c9fa-4a39-9a23-39ef26f84ee0,DK,Metcalf,62.3,10.1,WR25,WR,Pittsburgh Steelers,,
666ca0c8-fc02-4745-9cd1-6021a2668e09,Colston,Loveland,62.7,6.8,TE9,TE,Chicago Bears,,
19ab171d-d839-448f-ac5c-a0219f4a8aaa,Jayden,Daniels,63.4,17.6,QB10,QB,Washington Commanders,QUESTIONABLE,
7383d52c-7f86-49bc-8ec8-f35c4d597d97,Mark,Andrews,64.2,8.3,TE10,TE,Baltimore Ravens,,
3f6a0684-5768-48b0-aa51-9d374f9f20d3,Troy,Franklin,64.3,6.8,WR26,WR,Denver Broncos,,
5eea3596-2b08-42c4-8ec7-c220b6a0a0e0,Darren,Waller,65.4,7,TE11,TE,Miami Dolphins,,
8f7e5969-8ae9-4e35-bb42-add4160524ca,Zach,Ertz,65.4,8.4,TE12,TE,Washington Commanders,,
f4715ddc-6e2f-48b6-9b64-eefc1418969a,Daniel,Jones,65.7,19,QB11,QB,Indianapolis Colts,,
f13b9ff3-f2f4-4254-81b4-65be18c90470,Devin,Neal,68,8.3,RB21,RB,New Orleans Saints,,
cea384c0-5059-46b6-b33d-2ea37ddab992,Marvin,Harrison,68.2,9.7,WR27,WR,Arizona Cardinals,QUESTIONABLE,
dc8fa541-3db8-4f2d-a7d4-e8c4c2ac7b7a,Romeo,Doubs,68.5,7.8,WR28,WR,Green Bay Packers,,
244364c5-0103-442a-84e2-2a849b7cef56,Tyler,Shough,69,17.3,QB12,QB,New Orleans Saints,,
6f0f68d9-9cb3-41d1-b215-94de9809f05c,John,Metchie III,69.1,8.9,WR29,WR,New York Jets,,
9b473eed-3f73-41a8-b4f9-3f856571453b,Tyrod,Taylor,69.4,16.6,QB13,QB,New York Jets,,
1e650f28-52a7-4d9a-b4d9-bea183d67ba5,Devaughn,Vele,69.4,9.6,WR30,WR,New Orleans Saints,,
0b0827d7-1038-484e-903d-31d7d7f4a19c,Sam,Darnold,69.4,17.9,QB14,QB,Seattle Seahawks,,
70a2c436-a1ff-492e-918b-48a75c96a09d,Colby,Parkinson,69.8,4.5,TE13,TE,Los Angeles Rams,,
3c5da819-2d3b-4c94-bd6e-8159f6401c56,Jordan,Addison,70,7.7,WR31,WR,Minnesota Vikings,,
51787bf8-a4e5-4091-b631-d6a2a4710363,Bam,Knight,70.1,7.3,RB22,RB,Arizona Cardinals,,
65d62a7b-c969-4c85-9150-74abebd94bf5,Caleb,Williams,70.3,16.1,QB15,QB,Chicago Bears,,
a4ebf579-3870-4e00-a5d4-a2552b7c1e85,Mike,Evans,70.5,7.7,WR32,WR,Tampa Bay Buccaneers,QUESTIONABLE,
3220d0ad-d82b-4351-b721-8cdbd7a58142,Zach,Charbonnet,70.6,7.8,RB23,RB,Seattle Seahawks,,
4ab31d76-b6df-42d3-86c3-f12de0c402ff,AJ,Barner,70.7,6.9,TE14,TE,Seattle Seahawks,QUESTIONABLE,
b2d78bcf-c36f-4ef5-bc30-c0edb4585b10,D.J.,Moore,70.8,8,WR33,WR,Chicago Bears,,
ecd16c23-5df0-4cc2-ad1a-083ee3f7555a,J.J.,McCarthy,70.8,16,QB16,QB,Minnesota Vikings,PROBABLE,
bcaf7978-2cc7-4416-875c-d29a50586ae4,Chris,Rodriguez,71,10.7,RB24,RB,Washington Commanders,,
913a8a31-30db-4b0f-ac96-38d8cec24686,Cade,Otton,71.2,6.2,TE15,TE,Tampa Bay Buccaneers,,
afe3ea1e-d9b7-41e7-af2f-76995f530500,Evan,Engram,71.2,5.9,TE16,TE,Denver Broncos,,
600191ed-0d24-4a2e-8e8b-124b30f81778,Luther,Burden,71.2,6.1,WR34,WR,Chicago Bears,,
3bfd9a79-e0bd-4c23-8c2e-9ed01f57f4dd,Trey,Benson,71.3,7.2,RB25,RB,Arizona Cardinals,QUESTIONABLE,
5c9d7253-258b-4df2-a931-6ad4a0622e6e,Dontayvion,Wicks,71.4,5.9,WR35,WR,Green Bay Packers,,
6c224512-3105-4a0b-be37-ea8930b0ce07,Blake,Corum,71.5,7.8,RB26,RB,Los Angeles Rams,,
b65b0de6-426a-426d-800d-42dfb31f58f8,Shedeur,Sanders,71.5,16.1,QB18,QB,Cleveland Browns,,
0210e426-e2f2-4f1a-b171-78e5728eb66a,Kirk,Cousins,71.5,14.9,QB17,QB,Atlanta Falcons,,
1a0ae441-da87-4608-a964-b7d34a98ff90,Andrei,Iosivas,71.6,4.5,WR36,WR,Cincinnati Bengals,,
d65a873c-737d-4a2e-8f33-ff4ac18a1bd1,Jalen,McMillan,71.7,0,WR37,WR,Tampa Bay Buccaneers,QUESTIONABLE,
7c4a567a-b463-46f5-99f1-9cadcb3acd48,Geno,Smith,71.7,15.2,QB19,QB,Las Vegas Raiders,,
3dd04d9f-3385-4d8b-9b4b-cb0093ce250d,Tua,Tagovailoa,71.7,15.2,QB20,QB,Miami Dolphins,,
61ab401c-4818-47f0-a414-a81cacb1ecd1,Jayden,Reed,71.7,5.5,WR38,WR,Green Bay Packers,QUESTIONABLE,
2f7797a2-635d-4bff-b0b3-7753cb867ebf,Isaiah,Likely,71.8,6,TE17,TE,Baltimore Ravens,,
3c9fe505-b966-464e-a135-eb604da5af28,Pat,Bryant,72,6.5,WR39,WR,Denver Broncos,,
1a586f1e-4842-4888-9297-9f14787e3e1a,Aaron,Rodgers,,16.3,,QB,Pittsburgh Steelers,,
b598bdfb-fb82-4f66-b8f0-294a85687234,Cam,Ward,,12.4,,QB,Tennessee Titans,,
8f33b99c-9cac-4599-b697-e29c8bb9f9fc,Kenneth,Gainwell,,9.8,RB22,RB,Pittsburgh Steelers,,
746886c9-192a-4261-94af-053cd1669cb7,Tre,Tucker,,8.5,,WR,Las Vegas Raiders,,
da2c6b72-c114-46cd-94b2-7ad179e3d81d,Tyjae,Spears,,8,,RB,Tennessee Titans,,
f804a7d6-c741-4f34-aa50-6432a8ebf5b1,Josh,Downs,,7.5,,WR,Indianapolis Colts,,
59b06492-e389-49fd-a3d4-a2b7bacf7a6a,Jerry,Jeudy,,7.4,,WR,Cleveland Browns,,
48b32b17-087c-452f-b225-f882fda11335,Tony,Pollard,,7.4,,RB,Tennessee Titans,,
c4f2f28e-c8ec-4126-a1ef-9601f131ebbb,Darnell,Mooney,,7.3,,WR,Atlanta Falcons,,
f66f99e0-d2dd-4a9e-82f7-9def4c9254f5,Cooper,Kupp,,7.1,,WR,Seattle Seahawks,,
3b31f8e9-05a4-41da-abb5-fba1b636d78d,Malik,Washington,,7,,WR,Miami Dolphins,,
8363791b-2ad7-4880-8c35-45cf92661358,Alvin,Kamara,,7,,RB,New Orleans Saints,QUESTIONABLE,
f5d36784-dead-4588-9cd8-7d69b40cdc8a,Samaje,Perine,,7,,RB,Cincinnati Bengals,,
5355286f-168b-4f14-96ba-37ed46a5cfb1,Mason,Taylor,,7,TE18,TE,New York Jets,,
f38ebfac-6f10-43fc-945e-98d6a9eb2a42,Chimere,Dike,,6.9,,WR,Tennessee Titans,,
49ec2cc3-5f62-46f9-b3ce-d202158aed83,Tyler,Lockett,,6.7,,WR,Las Vegas Raiders,,
f746c05c-8c7f-41ad-9ff2-d1a9d6879f95,Rashid,Shaheed,,6.6,WR40,WR,Seattle Seahawks,,
e942d7dc-7160-40ba-a5d0-648840bb03ee,Cedric,Tillman,,6.6,WR37,WR,Cleveland Browns,,
dbe5c82f-456c-4f26-9a8d-0875117e601a,T.J.,Hockenson,,6.5,,TE,Minnesota Vikings,,
4b4a8b89-c278-4afc-bfb9-fcc7ac97f3f8,Tyler,Allgeier,,6.2,,RB,Atlanta Falcons,,
add2684f-a41a-4828-9b62-415de7fd9aef,Bhayshul,Tuten,,6.1,,RB,Jacksonville Jaguars,,
490dd858-9d37-467d-a430-0ec5312fc346,Rashod,Bateman,,5.7,,WR,Baltimore Ravens,,
a7341384-2145-4f8c-b060-89dcb1688249,Calvin,Austin III,,5.7,,WR,Pittsburgh Steelers,,
58db036f-d253-4720-a1c2-ac8477d9449c,Emanuel,Wilson,,5.7,,RB,Green Bay Packers,,
5faf7db9-dd63-4c40-8326-845baccabd62,Elic,Ayomanor,,5.6,,WR,Tennessee Titans,,
decb8e87-5843-4b41-b60b-fe3701132603,Ty,Johnson,,5.6,,RB,Buffalo Bills,,
26276b72-9688-46f5-bf60-cef2bebe7c5b,Jacory,Croskey-Merritt,,5.6,,RB,Washington Commanders,,
edcd3f67-2118-41e1-b1b8-9da7d7d0bb72,Darnell,Washington,,5.5,,TE,Pittsburgh Steelers,,
193b2d74-7b47-48e5-babd-29e1ba1bbc4f,Parker,Washington,,5.5,,WR,Jacksonville Jaguars,QUESTIONABLE,
f95c0975-6d15-479e-a89e-0770a8777a67,Jaleel,McLaughlin,,5.3,,RB,Denver Broncos,,
995a7e51-3f6c-48f8-9cda-8aa780390c16,Van,Jefferson,,5.3,,WR,Tennessee Titans,,
c0b6d4cc-c3b0-43bb-8c6d-60c253deee48,Dawson,Knox,,5.2,,TE,Buffalo Bills,,
0cc6c057-4051-4fd4-af19-d49b473f6f3e,Isaiah,Davis,,5.1,,RB,New York Jets,,
1574217a-7e0d-4a76-a562-13641aaec3d4,Dylan,Sampson,,5.1,,RB,Cleveland Browns,QUESTIONABLE,
4f817eb8-50b6-4106-94e4-e551ae788f8c,David,Njoku,,5,,TE,Cleveland Browns,,
64753b76-2ab8-4be1-91e4-59a85b4c3130,Rachaad,White,,4.9,,RB,Tampa Bay Buccaneers,,
05e585fe-29f0-4b2a-aa3f-69890b57f638,Jalen,Nailor,,4.8,,WR,Minnesota Vikings,,
89cdea13-ddfe-46eb-8254-d5e867d8b725,Gunnar,Helm,,4.8,TE17,TE,Tennessee Titans,,
fe32f113-ebb3-462a-897c-49b0c7cf0161,Pat,Freiermuth,,4.8,,TE,Pittsburgh Steelers,,
44cc721a-78a1-47a5-9ff6-1b8a9cfc70d1,Taysom,Hill,,4.8,,TE,New Orleans Saints,,
d0072a27-da19-4cfb-aa79-185a5ec3de4a,Jeremy,McNichols,,4.8,,RB,Washington Commanders,,
5a178384-07fb-4d54-bf9c-c5a58b4d342e,Keon,Coleman,,4.6,,WR,Buffalo Bills,,
4b6a3bc5-136b-440c-bc59-060e60bf6b67,Mike,Gesicki,,4.5,TE19,TE,Cincinnati Bengals,,
6c7cd974-7324-402e-b802-6ff427297468,Gabe,Davis,,4.4,,WR,Buffalo Bills,,
97301e94-05b5-41ed-bb25-a25069ca9101,Zavier,Scott,,4.3,,RB,Minnesota Vikings,,
f8e81665-9189-4807-ab0b-3edf2ca8e8bc,Keaton,Mitchell,,4.3,,RB,Baltimore Ravens,,
43686136-91ee-4648-9370-d845e311d7a5,Treylon,Burks,,4.2,,WR,Washington Commanders,,
163bf393-794e-4b86-9d7f-31b0d48d47d8,Chig,Okonkwo,,4.1,,TE,Tennessee Titans,,
d8941568-7d17-4f9f-97bf-85107dbb3b6e,Tyrell,Shavers,,4.1,,WR,Buffalo Bills,,
f26be260-96f5-49f7-911b-a7c2df3aae7f,Nick,Westbrook-Ikhine,,4.1,,WR,Miami Dolphins,,
947abf19-4d84-4b4f-8a9b-1f0da0b5172a,Marvin,Mims Jr.,,4,,WR,Denver Broncos,,
13d406e4-01ae-4139-9995-f178b7a512b8,Jerome,Ford,,4,,RB,Cleveland Browns,,
98e9ca12-9ba9-415a-b458-8b4be9d91ffe,Michael,Mayer,,3.9,,TE,Las Vegas Raiders,QUESTIONABLE,
46dfd920-36ba-4a15-ba0a-37b45c85c03d,Greg,Dortch,,3.8,,WR,Arizona Cardinals,QUESTIONABLE,
70efeca9-7c19-4a53-999f-4eb3a7525b61,Ollie,Gordon,,3.8,,RB,Miami Dolphins,,
bad0d078-6df8-4fa0-b995-0eacd22fc930,Jonnu,Smith,,3.7,TE16,TE,Pittsburgh Steelers,,
880614a2-31c2-4d7f-96b4-0c2aff1545d9,Joshua,Palmer,,3.6,,WR,Buffalo Bills,QUESTIONABLE,
88bd3f63-88f9-4bee-8a17-912d3d9c4124,Tez,Johnson,,3.6,,WR,Tampa Bay Buccaneers,,
42c49a42-b1ab-4f53-b6c7-2cecd82649fe,Isaiah,Bond,,3.4,,WR,Cleveland Browns,,
d3f042a5-73fd-45ce-92e4-f8faec2fbbeb,DeAndre,Hopkins,,3.4,,WR,Baltimore Ravens,,
9deb28da-9662-4750-901c-5d918a52fba4,Mason,Tipton,,3.3,,WR,New Orleans Saints,,
4ee89585-19d8-421c-a2ef-508fa471b443,Cole,Kmet,,3.2,,TE,Chicago Bears,,
e517583b-5937-46e9-81fe-75403b8fd280,Sean,Tucker,,3.2,,RB,Tampa Bay Buccaneers,,
228a723d-5487-4bcb-8aba-70d34aedd2a3,Luke,Musgrave,,3.2,TE21,TE,Green Bay Packers,,
c74de3e2-d14c-4b77-a525-6cab91d3ebdc,Noah,Fant,,3.1,,TE,Cincinnati Bengals,,
4514238c-b7f3-4ee0-9f89-ab5693ef8984,Michael,Carter,,3.1,,RB,Arizona Cardinals,,
715ba222-ba99-4792-a5e8-5cc153d011be,Elijah,Arroyo,,2.9,,TE,Seattle Seahawks,,
b36c2569-70ba-4c58-b01b-ee0608cdc45e,Terrance,Ferguson,,2.9,,TE,Los Angeles Rams,,
021ebe5d-bedf-4804-905e-5d700487be7d,Xavier,Smith,,2.7,,WR,Los Angeles Rams,,
990319ec-1277-4e4d-a796-20a234237df6,Roman,Wilson,,2.7,,WR,Pittsburgh Steelers,,
1574d162-58dd-4f81-ba46-22e716f374be,Elijah,Higgins,,2.6,,TE,Arizona Cardinals,,
7fcec119-7cfe-44be-86a7-7d7c6148a9df,Tim,Patrick,,2.6,,WR,Jacksonville Jaguars,,
242a7361-0655-43a1-92d2-9f0f19b3eabb,Raheem,Mostert,,2.5,,RB,Las Vegas Raiders,,
aaf6fc09-4414-4c58-9f78-d54049fc039f,Jeremy,Ruckert,,2.4,,TE,New York Jets,,
18d2c870-b616-4908-aa21-0f12a9c71c6e,Josh,Whyle,,2.4,,TE,Green Bay Packers,,
431f3600-4677-42a8-a608-456c93cc8944,Tyler,Badie,,2.4,,RB,Denver Broncos,,
6fd1f054-3529-4f82-ab1f-b17ae0f44aac,Isaiah,Williams,,2.4,,WR,New York Jets,,
e1d1a40b-1bf6-41f1-9eec-448f489fb79d,Malachi,Corley,,2.3,,WR,Cleveland Browns,,
af8ce6f5-1b3c-4b0f-b39f-771df59d9c69,David,Sills,,2.3,,WR,Atlanta Falcons,,
c8b43cf7-8b18-416d-b04b-0a0788567f6a,Allen,Lazard,,2.3,,WR,New York Jets,,
353b9189-21e6-4561-92bc-47d45194f780,Foster,Moreau,,2.2,,TE,New Orleans Saints,,
4e2762e6-2dfb-430e-b448-a9c9e8c1e680,Rasheen,Ali,,2.2,,RB,Baltimore Ravens,,
1764e1a1-cd92-4410-a4a4-bf0ed640e827,Olamide,Zaccheaus,,2.2,,WR,Chicago Bears,,
38311037-abb8-4c7d-9b59-636728823e81,Brandin,Cooks,,2.1,,WR,Buffalo Bills,,
ca6a495a-0425-4f1d-bce6-1f856c50f79d,Dont'e,Thornton,,2.1,,WR,Las Vegas Raiders,QUESTIONABLE,
1d2eba5e-03ff-4c70-ba4a-be7f2ae2c801,Davis,Allen,,2.1,,TE,Los Angeles Rams,,
bb3042f5-bdca-49f4-9bd1-e7999349c020,Ray,Davis,,2,,RB,Buffalo Bills,,
a0270eaf-7704-4bd6-a276-187e36898f16,Charlie,Kolar,,1.9,,TE,Baltimore Ravens,,
10837312-9256-42b0-8886-982b1212cbf6,LeQuint,Allen,,1.9,,RB,Jacksonville Jaguars,,
4ecc9a12-59fe-4e4b-89df-7fc2bc94b9cc,Jaylen,Wright,,1.9,,RB,Miami Dolphins,,
510b8310-ad02-411e-9ba7-4306341b1ae8,Josh,Oliver,,1.8,,TE,Minnesota Vikings,,
abe9fac0-77df-4212-88ad-722896626135,Tanner,Hudson,,1.8,,TE,Cincinnati Bengals,,
2e991745-4304-4132-85bf-afea0aa7a641,John,FitzPatrick,,1.6,,TE,Green Bay Packers,,
90bba3cc-a1e2-449d-970d-6c01d83de1aa,Matthew,Golden,,1.6,,WR,Green Bay Packers,QUESTIONABLE,
c9b0f5a8-ac78-48ef-98ed-e774285a0fc2,Devontez,Walker,,1.6,,WR,Baltimore Ravens,,
093ea0b7-c712-4cbe-8241-d910bd1ca067,Tutu,Atwell,,1.5,,WR,Los Angeles Rams,QUESTIONABLE,
dfa2b8a6-f67b-4834-b94d-4df25a316e4a,Adam,Trautman,,1.5,,TE,Denver Broncos,,
f83695f3-323f-4b74-9628-0dc1d5cb78d8,Nate,Adkins,,1.5,,TE,Denver Broncos,QUESTIONABLE,
22971516-fdab-4c63-b2db-4af7802c010f,Hunter,Long,,1.5,,TE,Jacksonville Jaguars,,
ef79071a-e36a-4c4d-9feb-9a49219cbd39,Tylan,Wallace,,1.4,,WR,Baltimore Ravens,,
2153d377-73ac-4f08-bbb0-b7ca5ea51296,Sterling,Shepard,,1.4,,WR,Tampa Bay Buccaneers,,
6e0bb039-9835-4952-a018-1f8a8b75b6a8,Jaylin,Lane,,1.4,,WR,Washington Commanders,,
1e0cf5b1-ff6e-4dc7-aec2-aedaebea64b8,Ameer,Abdullah,,1.4,,RB,Indianapolis Colts,,
90d4138b-7779-4263-b01d-e6491b9ce9fc,Cody,White,,1.3,,WR,Seattle Seahawks,,
f655138b-609f-4b50-8754-e37d12bcb275,Jack,Bech,,1.3,,WR,Las Vegas Raiders,,
263a470b-665e-4ef9-9a9b-670f1bef4c7f,Chris,Brooks,,1.3,,RB,Green Bay Packers,,
56fa87e1-2047-4160-abe9-30abdc8921e3,Greg,Dulcich,,1.2,,TE,Miami Dolphins,,
7ef6bb87-d4db-4469-966e-efd891d5c28c,Julian,Hill,,1.2,,TE,Miami Dolphins,,
178c3d7f-fbb6-4544-9587-986ce8facca4,Alec,Ingold,,1.1,,RB,Miami Dolphins,QUESTIONABLE,
41c758a5-5428-4728-970e-d3130d3ca6d6,Jordan,Whittington,,1.1,,WR,Los Angeles Rams,,
06a80fd2-02db-432e-8db6-5ff340f80935,John,Bates,,1.1,,TE,Washington Commanders,,
090bc01a-087f-4333-a567-41087a28155e,Tai,Felton,,1,,WR,Minnesota Vikings,,
99190e62-56e6-4fb0-9a18-586ab3051bb6,Jamari,Thrash,,1,,WR,Cleveland Browns,,
ebf74b4c-9e9b-463c-b7a8-4f42935e2981,Dee,Eskridge,,1,,WR,Miami Dolphins,,
0e922f46-0e76-431f-9aea-b0fe105b70b2,Adam,Thielen,,1,,WR,,,
e3194cc6-2850-4d9a-8fd1-7a4a1852cb49,Emari,Demercado,,1,,RB,Arizona Cardinals,QUESTIONABLE,
e778effb-bf0e-4b84-bb9d-e8de3e5b2050,Konata,Mumpfield,,0.9,,WR,Los Angeles Rams,,
d033afc8-2ae4-43fb-9e84-9ed4682c0279,Dante,Pettis,,0.9,,WR,New Orleans Saints,,
0dfd839b-b45c-4b08-898e-fce42540c017,Lil'Jordan,Humphrey,,0.9,,WR,Denver Broncos,,
242c6975-ea8e-444f-8f32-242a9e018726,Drew,Sample,,0.9,,TE,Cincinnati Bengals,,
7ca2f128-b157-454e-afb9-31fb17201710,Kaleb,Johnson,,0.9,,RB,Pittsburgh Steelers,,
e98871a5-04b7-462c-8a6a-0ec81b7a2ea7,James,Proche,,0.8,,WR,Tennessee Titans,,
e2aaaabe-3e1e-4737-8bf9-a7c18adce4e3,Mason,Kinsey,,0.8,,WR,Tennessee Titans,,
df2316dc-d49d-4bbc-bd35-4453cc4ac5ba,Jackson,Hawes,,0.7,,TE,Buffalo Bills,,
6eaad25d-c39a-4575-b769-79aa8da74056,Ben,Skowronek,,0.7,,WR,Pittsburgh Steelers,QUESTIONABLE,
19f3f709-e616-41be-93fc-222f63a73cab,Johnny,Mundt,,0.7,,TE,Jacksonville Jaguars,,
ca29a19c-aacf-4db0-b5f0-45d9ef4cfc9f,Mitch,Tinsley,,0.7,,WR,Cincinnati Bengals,,
b7eb7889-d480-43a9-aa4f-4476ca4fccd2,Tahj,Brooks,,0.7,,RB,Cincinnati Bengals,QUESTIONABLE,
07148ce6-d0e1-4289-914f-a6fa51a1e7a8,Blake,Whiteheart,,0.7,,TE,Cleveland Browns,,
1303fc85-a1f4-4b9b-bed8-642ddf54ad8e,Mo,Alie-Cox,,0.6,,TE,Indianapolis Colts,,
0941b583-c6c1-4e01-88bc-a583ca24394f,KhaDarel,Hodge,,0.6,,WR,Atlanta Falcons,,
26c3dd81-e5aa-42ac-b95f-f30a660b35ff,Julius,Chestnut,,0.6,,RB,Tennessee Titans,,
f9a29f00-f33c-4c84-b630-6fdf669497f1,Charlie,Woerner,,0.6,,TE,Atlanta Falcons,,
2cde3023-f1ee-450e-9436-4640cab7f903,Anthony,Gould,,0.6,,WR,Indianapolis Colts,,
66810fa6-a37a-4297-ac53-45c7ba2828e0,Ian,Thomas,,0.6,,TE,Las Vegas Raiders,,
4fdd0ebb-ed6c-435e-8d25-567ed42f0619,Cedrick,Wilson,,0.5,,WR,Miami Dolphins,,
884a100c-2e8f-41e5-b997-2c2f1b9e6d86,Chris,Moore,,0.5,,WR,Washington Commanders,,
35e13d4c-d3b3-44e5-8173-61c9791a0121,Savion,Williams,,0.5,,WR,Green Bay Packers,QUESTIONABLE,
9e2f328e-8097-4390-9cbe-4075b58e0d94,Ben,Sinnott,,0.5,,TE,Washington Commanders,,
94705a39-9dcd-4560-83cd-d203573d57f4,Tyler,Johnson,,0.5,,WR,New York Jets,,
8702e002-92d4-45e3-b339-43350abcee31,Dyami,Brown,,0.5,,WR,Jacksonville Jaguars,,
c267c56f-6e56-4bd4-b91d-c545e9447d44,Noah,Brown,,0.4,,WR,Washington Commanders,QUESTIONABLE,
03bf3ebc-f683-4ac9-b41b-5775549cb02f,Drew,Ogletree,,0.4,,TE,Indianapolis Colts,,
ae9378cd-7871-44aa-b65f-f647d8016323,Arian,Smith,,0.4,,WR,New York Jets,,
131a1b00-a272-4b1e-9415-0716a393d868,Tyler,Goodson,,0.4,,RB,Indianapolis Colts,,
59ae762a-76b8-4a1a-ba69-985e57b0c56f,Payne,Durham,,0.4,,TE,Tampa Bay Buccaneers,,
d95031df-29e3-4ebe-a9c3-109c852f3b77,Ryan,Miller,,0.3,,WR,Tampa Bay Buccaneers,,
9f1ee51b-9895-4897-b7de-c06f10070adc,Durham,Smythe,,0.3,,TE,Chicago Bears,,
9c486bf0-2266-48ea-bf0a-ac9adc62142d,Nick,Vannett,,0.3,,TE,Los Angeles Rams,,
f97bae8d-f3cd-4b1b-afd1-2b910dc19f2f,Scotty,Miller,,0.3,,WR,Pittsburgh Steelers,,
28ad3a6b-51c4-420f-a0fd-b7e0560d2837,Jarquez,Hunter,,0.3,,RB,Los Angeles Rams,,
a739c734-1d32-4b68-8283-359724a4dd40,Andre,Baccellia,,0.3,,WR,Arizona Cardinals,,
08c30bd9-c902-4291-969d-10baec23f57f,C.J.,Ham,,0.3,,RB,Minnesota Vikings,,
177f5ae3-d226-46ea-a1f5-d55808614bea,Tahj,Washington,,0.2,,WR,Miami Dolphins,,
071f9a81-1bf7-4bc9-a48e-85ced6fbe0ab,Stone,Smartt,,0.2,,TE,New York Jets,,
6d962f3c-4ce5-4392-9bad-5a4aaa53cf33,Patrick,Ricard,,0.2,,RB,Baltimore Ravens,,
8236d71f-d799-4bff-ac7a-7161643f871c,Alex,Bachman,,0.2,,WR,Las Vegas Raiders,QUESTIONABLE,
cb6f994a-2d3c-432d-9f54-5d037e0cfe94,DJ,Giddens,,0.2,,RB,Indianapolis Colts,,
20e1e51a-48d7-4617-b043-bea7e7a39e66,Devin,Duvernay,,0.2,,WR,Chicago Bears,,
202be3fe-dccf-424b-85cb-a187c92815e5,Dylan,Laube,,0.2,,RB,Las Vegas Raiders,,
06e40d7b-831d-4e83-abbe-bf3d92d82594,Charlie,Jones,,0.2,,WR,Cincinnati Bengals,,
83993cb4-5005-419c-94be-079aa6bcd30e,Jamal,Agnew,,0.2,,WR,Atlanta Falcons,,
0ad63e40-e171-49f2-aa76-4ae053c2d0cd,Kameron,Johnson,,0.2,,WR,Tampa Bay Buccaneers,,
3c3531e7-7c87-4e6f-9a52-1f8c68071840,Jack,Stoll,,0.2,,TE,New Orleans Saints,,
aa06e899-ee54-42fd-8b5c-4109fc6aa4b7,Xavier,Weaver,,0.1,,WR,Arizona Cardinals,,
301f20b2-5503-4447-bb69-d35d8d0801f1,Zamir,White,,0.1,,RB,Las Vegas Raiders,,
852aeead-3e79-4eca-b8a3-50d7d8ec3aa5,Connor,Heyward,,0.1,,TE,Pittsburgh Steelers,,
ddfcfc2f-5793-4b91-87ac-d2d3a5748da9,Josiah,Deguara,,0.1,,TE,Arizona Cardinals,,
9112348a-e550-4a47-8a2c-f461ef9639bd,Audric,Estime,,0.1,,RB,New Orleans Saints,,
f5e8eecc-b0fb-4951-bc73-d20d4785915b,Quintin,Morris,,0.1,,TE,Jacksonville Jaguars,,
038cb9bb-97e4-4946-a442-e5d255d52c79,Devin,Culp,,0.1,,TE,Tampa Bay Buccaneers,,
26f579e8-175b-436a-8c1f-484ccf305bb9,Ben,Yurosek,,0.1,,TE,Minnesota Vikings,,
019dcdcd-ac61-471c-8e5d-868e5ecb6186,Jelani,Woods,,0.1,,TE,New York Jets,,
53b22557-f7ce-4a66-9ad8-eeb8950df74a,Nathan,Carter,,0.1,,RB,Atlanta Falcons,,
4ba655cc-5e46-4a01-8f77-0381c2280d35,Cody,Schrader,,0.1,,RB,Jacksonville Jaguars,,
7d811b51-aee2-46d8-8e78-ceff57908a49,Khalil,Herbert,,0.1,,RB,New York Jets,,
feb3714f-ba1d-44c0-8b51-9856a669d45d,Jake,Bobo,,0.1,,WR,Seattle Seahawks,,
b2960eed-3c83-42d4-b984-9f2dea4a2015,Malik,Heath,,0.1,,WR,Green Bay Packers,,
9a16c153-3f07-4577-a426-f317f9c6eb3c,Casey,Washington,,0,,WR,Atlanta Falcons,,
dddaa860-8f9c-4698-a325-5430425b35e7,Jermaine,Burton,,0,,WR,Cincinnati Bengals,,
59e9d636-e37f-454d-839b-31c4a06f9db0,Cam,Grandy,,0,,TE,Cincinnati Bengals,,
92a4ecff-943d-4124-832e-3f62969570a8,Will,Mallory,,0,,TE,Indianapolis Colts,,
d3451ac2-aa95-40f9-8e0f-dde3c9b51c88,LaJohntay,Wester,,0,,WR,Baltimore Ravens,,
d2d38832-4c06-47f8-b3cf-489728872fb9,Dylan,Drummond,,0,,WR,Atlanta Falcons,,
a52ed7d0-8d00-47f2-a5a0-4a843381ce51,Travis,Homer,,0,,RB,Chicago Bears,,
a85bea3b-f9bb-42f6-bd4f-ebd34df8f9e9,Kene,Nwangwu,,0,,RB,New York Jets,,
94fc590b-bc2e-4e47-bcc0-7754662f6dcb,Ronnie,Rivers,,0,,RB,Los Angeles Rams,,
1746b764-f8e2-4361-a8d5-87bab8b0896b,Raheim,Sanders,,0,,RB,Cleveland Browns,,
f748104e-6b32-4589-ab4c-8a146f9614a9,Cam,Akers,,0,,RB,Seattle Seahawks,,
64280fdc-b44b-4013-ad8f-bcfb4650ff1d,Rondale,Moore,,0,,WR,Minnesota Vikings,OUT,
657ca90d-8307-4271-a4e8-d363464ce142,Pharaoh,Brown,,0,,TE,Arizona Cardinals,,
69a216de-ef2b-40d9-99d6-c09b2678a384,Garrett,Wilson,,0,,WR,New York Jets,OUT,
6a4e95a5-4eb8-4d46-a30e-e07da819dd02,Marcus,Mariota,,0,QB19,QB,Washington Commanders,,
6c43d751-40a9-414d-b73b-c440b3c038e2,Tyson,Bagent,,0,,QB,Chicago Bears,,
6da25ac7-5dfe-4fc4-bff9-aa2e48ad6d10,Spencer,Rattler,,0,,QB,New Orleans Saints,,
6dda39d1-6237-4815-b8f6-024873d59a33,Kenny,Pickett,,0,,QB,Las Vegas Raiders,,
7033d286-9220-4736-b0e9-72486a2dcca7,Josh,Johnson,,0,,QB,Washington Commanders,,
71fcd89f-4b4d-428e-921e-dd94137753b5,DeAndre,Carter,,0,,WR,Cleveland Browns,OUT,
75559a4c-2afc-41d8-87df-462c20560dcd,Malik,Willis,,0,,QB,Green Bay Packers,,
75888cbb-4a53-4513-9a80-927425f141f2,Tip,Reiman,,0,,TE,Arizona Cardinals,OUT,
75fa670a-23b6-4f4a-b4cb-8591c796fbb2,Teddy,Bridgewater,,0,,QB,Tampa Bay Buccaneers,,
7755dabc-f114-41fd-93ac-01ae6b2d95d5,Donald,Parham Jr.,,0,,TE,Pittsburgh Steelers,OUT,
7850fa78-1cd8-4e7e-9d7e-367cb4718d6a,Deshaun,Watson,,0,,QB,Cleveland Browns,QUESTIONABLE,
8681667e-455f-4e41-8360-5b831b68dc19,Calvin,Ridley,,0,,WR,Tennessee Titans,OUT,
89232242-5ee2-4c9e-89d8-d7376d7cb8de,Jimmy,Garoppolo,,0,,QB,Los Angeles Rams,,
8a68c85b-ae27-48af-96df-a31e8e356c3f,Roschon,Johnson,,0,,RB,Chicago Bears,OUT,
907cc679-9c87-4952-b2e3-5838d374d625,Bryce,Oliver,,0,,WR,Tennessee Titans,OUT,
9474707e-6dc9-4c88-a3e4-e5fb6b969f62,Luke,McCaffrey,,0,,WR,Washington Commanders,OUT,
9ff48ebb-d795-428e-8785-e6bb06cb99c9,Zach,Wilson,,0,,QB,Miami Dolphins,,
a0b938c1-11ab-4dca-b0d6-ba02e46d2c4a,Trey,Palmer,,0,,WR,New Orleans Saints,OUT,
a592a935-8edb-42f2-bf45-a23fc9129650,Ashton,Dulin,,0,,WR,Indianapolis Colts,OUT,
aaac5493-dcb6-4698-bd78-60eb3f7e7c4c,Will,Levis,,0,,QB,Tennessee Titans,OUT,
abafe80d-635e-4c7a-8503-c0bdd9ffb8ef,James,Conner,,0,,RB,Arizona Cardinals,OUT,
ad6258a9-a392-4418-af5d-9b1f2b9add30,Tucker,Kraft,,0,,TE,Green Bay Packers,OUT,
b0133b48-a44f-446c-8f93-20a38b096679,Tyler,Huntley,,0,,QB,Baltimore Ravens,,
b2827703-a2d5-45d1-9e24-9ef388de0a47,Curtis,Samuel,,0,,WR,Buffalo Bills,OUT,
bfa6ad01-bcf0-4936-a2eb-e8ccd0d2beb3,Austin,Trammell,,0,,WR,Jacksonville Jaguars,,
c230bca6-13d0-4f34-8b8b-812d24a86753,Stetson,Bennett,,0,,QB,Los Angeles Rams,,
c766fa5b-e7fb-488b-990a-20cbb3faa0e7,Brandon,Allen,,0,,QB,Tennessee Titans,,
c7dc0305-0926-4633-8521-7c40f01a986c,Josh,Reynolds,,0,,WR,New York Jets,OUT,
caba8637-a31b-48ac-a458-30384387a484,Kendre,Miller,,0,,RB,New Orleans Saints,OUT,
cd2ae631-f181-4274-8054-b40555211c89,Nick,Mullens,,0,,QB,Jacksonville Jaguars,,
d16f616e-520e-4a79-98ff-d2c81152de53,Mitchell,Trubisky,,0,,QB,Buffalo Bills,,
d3083063-1345-40de-96f9-a3dd0cc3305b,MarShawn,Lloyd,,0,,RB,Green Bay Packers,QUESTIONABLE,
dc03144c-04de-4ac8-aec8-f28f400e3499,Kenny,McIntosh,,0,,RB,Seattle Seahawks,OUT,
dc063617-3c9b-4fb4-9781-ceb946fc764a,Tyler,Higbee,,0,,TE,Los Angeles Rams,OUT,
de7ece82-a75d-4370-8fa7-d10b373d271e,Quinn,Ewers,,0,,QB,Miami Dolphins,,
ded16f70-e941-4528-8039-b81f419d6184,Skylar,Thompson,,0,,QB,Pittsburgh Steelers,OUT,
e0621f9f-d4fb-4cea-a295-9cf7296dd6a9,Riley,Leonard,,0,,QB,Indianapolis Colts,,
e11c04d9-e447-4dcb-90dd-394aa758492e,Jake,Browning,,0,,QB,Cincinnati Bengals,,
e5387757-f8fa-4528-9d8a-559d9f50f971,Drew,Lock,,0,,QB,Seattle Seahawks,,
e5dde56d-6642-46be-b10b-e284ae311421,Michael,Penix,,0,,QB,Atlanta Falcons,OUT,
eecebfe1-5f5b-4cc1-ac9d-fa8de4c7b91c,Easton,Stick,,0,,QB,Atlanta Falcons,,
f2853e6c-ec5b-4c5d-b6eb-4c755ed5e78b,Dillon,Gabriel,,0,,QB,Cleveland Browns,,
0a325289-0223-41f5-be2d-1a9aa196a58a,Braelon,Allen,,0,,RB,New York Jets,OUT,
0a4cfdae-09b4-4291-a980-28011a4d5b42,Mecole,Hardman Jr.,,0,,WR,Buffalo Bills,OUT,
18e6c34a-22d8-4fe3-b9a5-86a0bd7b0fcc,Deven,Thompkins,,0,,WR,Atlanta Falcons,,
1a019f20-d59f-4874-b04a-550f2519b6c3,Travis,Hunter,,0,,WR,Jacksonville Jaguars,OUT,
1acc862d-4555-4959-95ad-496ce95bc5fd,Zay,Jones,,0,,WR,Arizona Cardinals,OUT,
1b4b3edc-b448-4b5a-8eff-b4d16b9d603b,Ko,Kieft,,0,,TE,Tampa Bay Buccaneers,OUT,
209e5e62-75c9-4bd1-bdf6-0f644d1c9552,Xavier,Restrepo,,0,,WR,Tennessee Titans,QUESTIONABLE,
23162335-51bb-4a05-8913-f2521a4f2fa4,Joe,Flacco,,0,,QB,Cincinnati Bengals,,
25b82cfa-2ac3-4843-ab7d-e3bda8f09af4,Ty,Chandler,,0,,RB,Minnesota Vikings,OUT,
29557615-f5eb-47e5-b949-cafeb7e7d753,Austin,Ekeler,,0,,RB,Washington Commanders,OUT,
29aeac98-3c33-4e60-a9f6-4b1e291fea06,Jermar,Jefferson,,0,,RB,Arizona Cardinals,,
3127a5cb-9b06-4056-9c6f-21b290d08e13,Case,Keenum,,0,,QB,Chicago Bears,,
31bb5dd7-2778-4368-826d-f8665f63a6c9,Max,Brosmer,,0,,QB,Minnesota Vikings,,
32c2c8d9-bcdb-4f8a-9cf2-0c9894c0f508,Jarrett,Stidham,,0,,QB,Denver Broncos,,
33808636-82e5-4b28-8ca8-5c7de04858f5,George,Holani,,0,,RB,Seattle Seahawks,OUT,
34b47fbf-d50d-416e-9aa1-c89d0a8cc66e,Carson,Wentz,,0,,QB,Minnesota Vikings,OUT,
39c7d62e-4c93-4eb4-9cab-fc64736d31cb,Anthony,Richardson,,0,,QB,Indianapolis Colts,OUT,
3c09b401-35e3-4032-9a62-797cea4bf415,Cooper,Rush,,0,,QB,Baltimore Ravens,,
3c2070b3-4d4d-4a4e-bf43-8bed10ad490a,Justin,Fields,,0,,QB,New York Jets,,
3dffb0c1-26cf-483b-8e94-1df1da7f2789,Evan,Hull,,0,,RB,New Orleans Saints,,
411478de-fb50-4798-8957-29b39071f61e,Lucas,Krull,,0,,TE,Denver Broncos,OUT,
41329548-8c06-4bcb-816d-78b984c9f450,Kyler,Murray,,0,,QB,Arizona Cardinals,OUT,
41b5f503-01ed-4599-809e-3eb8c8cc495c,Tory,Horton,,0,,WR,Seattle Seahawks,OUT,
42b517e4-4195-42d0-bf6a-0a809ffadd68,J.K.,Dobbins,,0,,RB,Denver Broncos,OUT,
44f337cc-89ec-4a15-8920-15058070469f,Tyreek,Hill,,0,,WR,Miami Dolphins,OUT,
48da330e-c3ed-44da-8011-8bf91b3e5041,Jalen,Milroe,,0,,QB,Seattle Seahawks,,
4a71d0af-713f-4037-9e7d-9725b49a5dad,Will,Howard,,0,,QB,Pittsburgh Steelers,,
4dd2abc0-f1b9-48c9-bf4c-a079a3551d6c,Alexander,Mattison,,0,,RB,Miami Dolphins,OUT,
4fa44c66-2939-400e-b67d-140ff492c0df,Justice,Hill,,0,,RB,Baltimore Ravens,OUT,
50807cf8-721c-49fa-9cd2-85e4a8a41a18,Mason,Rudolph,,0,,QB,Pittsburgh Steelers,,
53e6d927-b43b-416e-8c96-992f4eb229a2,Kalel,Mullings,,0,,RB,Tennessee Titans,,
5456e715-34e3-49df-8fdb-50f8900aa932,Bub,Means,,0,,WR,New Orleans Saints,OUT,
549218cc-98e4-4419-ba79-c5732b9a9bad,Josh,Williams,,0,,RB,Tampa Bay Buccaneers,OUT,
5533abde-da0a-40ad-afe5-cba46dbdab32,Aidan,O'Connell,,0,,QB,Las Vegas Raiders,,
59c32f9a-8a50-49f4-b513-b4de1d6feffa,Ja'Lynn,Polk,,0,,WR,New Orleans Saints,OUT,
5ae84363-ba6c-433f-8f9d-c7e4c8b200d2,Eric,Saubert,,0,,TE,Seattle Seahawks,OUT,